%Washington hybrid precipitation index. alpha = 0; beta = 0; lagmax = 100
%year,month,tau=3,tau=10,tau=20,tau=36
1948,1,NaN,NaN,NaN,NaN
1948,2,NaN,NaN,NaN,NaN
1948,3,NaN,NaN,NaN,NaN
1948,4,NaN,NaN,NaN,NaN
1948,5,NaN,NaN,NaN,NaN
1948,6,NaN,NaN,NaN,NaN
1948,7,NaN,NaN,NaN,NaN
1948,8,NaN,NaN,NaN,NaN
1948,9,NaN,NaN,NaN,NaN
1948,10,NaN,NaN,NaN,NaN
1948,11,NaN,NaN,NaN,NaN
1948,12,NaN,NaN,NaN,NaN
1949,1,NaN,NaN,NaN,NaN
1949,2,NaN,NaN,NaN,NaN
1949,3,NaN,NaN,NaN,NaN
1949,4,NaN,NaN,NaN,NaN
1949,5,NaN,NaN,NaN,NaN
1949,6,NaN,NaN,NaN,NaN
1949,7,NaN,NaN,NaN,NaN
1949,8,NaN,NaN,NaN,NaN
1949,9,NaN,NaN,NaN,NaN
1949,10,NaN,NaN,NaN,NaN
1949,11,NaN,NaN,NaN,NaN
1949,12,NaN,NaN,NaN,NaN
1950,1,NaN,NaN,NaN,NaN
1950,2,NaN,NaN,NaN,NaN
1950,3,NaN,NaN,NaN,NaN
1950,4,NaN,NaN,NaN,NaN
1950,5,NaN,NaN,NaN,NaN
1950,6,NaN,NaN,NaN,NaN
1950,7,NaN,NaN,NaN,NaN
1950,8,NaN,NaN,NaN,NaN
1950,9,NaN,NaN,NaN,NaN
1950,10,NaN,NaN,NaN,NaN
1950,11,NaN,NaN,NaN,NaN
1950,12,NaN,NaN,NaN,NaN
1951,1,NaN,NaN,NaN,NaN
1951,2,NaN,NaN,NaN,NaN
1951,3,NaN,NaN,NaN,NaN
1951,4,NaN,NaN,NaN,NaN
1951,5,NaN,NaN,NaN,NaN
1951,6,NaN,NaN,NaN,NaN
1951,7,NaN,NaN,NaN,NaN
1951,8,NaN,NaN,NaN,NaN
1951,9,NaN,NaN,NaN,NaN
1951,10,NaN,NaN,NaN,NaN
1951,11,NaN,NaN,NaN,NaN
1951,12,NaN,NaN,NaN,NaN
1952,1,NaN,NaN,NaN,NaN
1952,2,NaN,NaN,NaN,NaN
1952,3,NaN,NaN,NaN,NaN
1952,4,NaN,NaN,NaN,NaN
1952,5,NaN,NaN,NaN,NaN
1952,6,NaN,NaN,NaN,NaN
1952,7,NaN,NaN,NaN,NaN
1952,8,NaN,NaN,NaN,NaN
1952,9,NaN,NaN,NaN,NaN
1952,10,NaN,NaN,NaN,NaN
1952,11,NaN,NaN,NaN,NaN
1952,12,NaN,NaN,NaN,NaN
1953,1,NaN,NaN,NaN,NaN
1953,2,NaN,NaN,NaN,NaN
1953,3,NaN,NaN,NaN,NaN
1953,4,NaN,NaN,NaN,NaN
1953,5,NaN,NaN,NaN,NaN
1953,6,NaN,NaN,NaN,NaN
1953,7,NaN,NaN,NaN,NaN
1953,8,NaN,NaN,NaN,NaN
1953,9,NaN,NaN,NaN,NaN
1953,10,NaN,NaN,NaN,NaN
1953,11,NaN,NaN,NaN,NaN
1953,12,NaN,NaN,NaN,NaN
1954,1,NaN,NaN,NaN,NaN
1954,2,NaN,NaN,NaN,NaN
1954,3,NaN,NaN,NaN,NaN
1954,4,NaN,NaN,NaN,NaN
1954,5,NaN,NaN,NaN,NaN
1954,6,NaN,NaN,NaN,NaN
1954,7,NaN,NaN,NaN,NaN
1954,8,NaN,NaN,NaN,NaN
1954,9,NaN,NaN,NaN,NaN
1954,10,NaN,NaN,NaN,NaN
1954,11,NaN,NaN,NaN,NaN
1954,12,NaN,NaN,NaN,NaN
1955,1,NaN,NaN,NaN,NaN
1955,2,NaN,NaN,NaN,NaN
1955,3,NaN,NaN,NaN,NaN
1955,4,NaN,NaN,NaN,NaN
1955,5,NaN,NaN,NaN,NaN
1955,6,NaN,NaN,NaN,NaN
1955,7,NaN,NaN,NaN,NaN
1955,8,NaN,NaN,NaN,NaN
1955,9,NaN,NaN,NaN,NaN
1955,10,NaN,NaN,NaN,NaN
1955,11,NaN,NaN,NaN,NaN
1955,12,NaN,NaN,NaN,NaN
1956,1,NaN,NaN,NaN,NaN
1956,2,NaN,NaN,NaN,NaN
1956,3,NaN,NaN,NaN,NaN
1956,4,NaN,NaN,NaN,NaN
1956,5,-0.1252,0.2987,0.2241,0.1745
1956,6,0.2265,0.3765,0.2683,0.2039
1956,7,0.0663,0.3084,0.2379,0.1849
1956,8,0.1552,0.3152,0.2454,0.1932
1956,9,0.2026,0.3159,0.2489,0.1957
1956,10,0.8292,0.5155,0.3541,0.2544
1956,11,-0.5359,0.0870,0.1408,0.1289
1956,12,-0.3866,0.0779,0.1332,0.1235
1957,1,-1.1502,-0.2227,-0.0248,0.0289
1957,2,-0.6358,-0.1383,0.0087,0.0457
1957,3,0.0345,0.0394,0.0936,0.0970
1957,4,-0.1417,-0.0202,0.0597,0.0745
1957,5,-0.0138,0.0112,0.0715,0.0788
1957,6,0.0003,0.0135,0.0713,0.0864
1957,7,-0.0051,0.0104,0.0656,0.0762
1957,8,-0.0179,0.0047,0.0603,0.0747
1957,9,-0.2814,-0.0859,0.0113,0.0475
1957,10,-0.1809,-0.0708,0.0147,0.0500
1957,11,-1.0046,-0.3578,-0.1372,-0.0395
1957,12,-0.4786,-0.2428,-0.0887,-0.0133
1958,1,-0.0766,-0.1302,-0.0381,0.0152
1958,2,0.3744,0.0263,0.0381,0.0591
1958,3,-0.2054,-0.1353,-0.0457,0.0094
1958,4,0.3242,0.0359,0.0378,0.0553
1958,5,-0.1250,-0.0875,-0.0261,0.0162
1958,6,-0.0624,-0.0701,-0.0205,0.0166
1958,7,-0.1606,-0.1023,-0.0403,0.0001
1958,8,-0.3078,-0.1573,-0.0725,-0.0245
1958,9,-0.2114,-0.1392,-0.0675,-0.0234
1958,10,-0.1789,-0.1352,-0.0686,-0.0237
1958,11,0.6693,0.1454,0.0727,0.0586
1958,12,0.5110,0.1421,0.0746,0.0602
1959,1,1.0350,0.3532,0.1868,0.1273
1959,2,0.4764,0.2305,0.1320,0.0977
1959,3,0.3978,0.2275,0.1340,0.0935
1959,4,0.3822,0.2385,0.1440,0.0990
1959,5,0.2908,0.2214,0.1397,0.0969
1959,6,0.2100,0.2009,0.1326,0.0915
1959,7,0.0317,0.1419,0.1049,0.0728
1959,8,-0.0169,0.1151,0.0929,0.0668
1959,9,0.8815,0.4042,0.2438,0.1608
1959,10,0.7374,0.4012,0.2503,0.1677
1959,11,0.5435,0.3681,0.2409,0.1658
1959,12,-0.0638,0.1809,0.1508,0.1155
1960,1,-0.5816,-0.0162,0.0507,0.0571
1960,2,-0.2794,0.0314,0.0719,0.0692
1960,3,-0.1013,0.0616,0.0847,0.0729
1960,4,0.1833,0.1417,0.1250,0.0980
1960,5,0.6472,0.3014,0.2084,0.1495
1960,6,0.1989,0.1838,0.1528,0.1201
1960,7,-0.1123,0.0808,0.1016,0.0928
1960,8,0.1577,0.1530,0.1383,0.1173
1960,9,-0.0791,0.0740,0.0987,0.0965
1960,10,-0.0473,0.0701,0.0958,0.0965
1960,11,0.5397,0.2560,0.1903,0.1519
1960,12,-0.4606,-0.0528,0.0345,0.0615
1961,1,-0.1969,-0.0031,0.0560,0.0743
1961,2,1.3965,0.5134,0.3199,0.2326
1961,3,1.4114,0.6025,0.3763,0.2738
1961,4,1.0404,0.5549,0.3646,0.2778
1961,5,0.9268,0.5630,0.3782,0.2889
1961,6,0.4447,0.4357,0.3193,0.2446
1961,7,0.2679,0.3772,0.2952,0.2341
1961,8,0.1665,0.3328,0.2767,0.2267
1961,9,-0.0331,0.2499,0.2368,0.2051
1961,10,-0.0001,0.2341,0.2292,0.2008
1961,11,-0.4414,0.0637,0.1415,0.1492
1961,12,-0.2026,0.0958,0.1544,0.1577
1962,1,-0.9560,-0.1856,0.0063,0.0690
1962,2,-1.2564,-0.3597,-0.0929,0.0085
1962,3,-0.9912,-0.3560,-0.1039,0.0001
1962,4,-0.5734,-0.2762,-0.0751,0.0145
1962,5,-0.2494,-0.1957,-0.0439,0.0281
1962,6,-0.3698,-0.2413,-0.0760,0.0018
1962,7,-0.3950,-0.2620,-0.0951,-0.0136
1962,8,-0.0223,-0.1495,-0.0447,0.0168
1962,9,0.1066,-0.0941,-0.0213,0.0291
1962,10,0.1312,-0.0668,-0.0105,0.0355
1962,11,0.7412,0.1569,0.1018,0.0996
1962,12,0.0665,-0.0140,0.0163,0.0485
1963,1,-1.1742,-0.4229,-0.1964,-0.0801
1963,2,-0.6984,-0.3347,-0.1621,-0.0634
1963,3,-0.6736,-0.3610,-0.1838,-0.0773
1963,4,-0.2324,-0.2426,-0.1317,-0.0505
1963,5,-0.3367,-0.2766,-0.1543,-0.0643
1963,6,-0.3303,-0.2802,-0.1612,-0.0661
1963,7,-0.0691,-0.1973,-0.1242,-0.0463
1963,8,-0.0524,-0.1795,-0.1186,-0.0454
1963,9,-0.1502,-0.2002,-0.1328,-0.0582
1963,10,0.0123,-0.1409,-0.1054,-0.0434
1963,11,0.3641,-0.0082,-0.0386,-0.0050
1963,12,-0.1328,-0.1396,-0.1053,-0.0478
1964,1,0.8458,0.1896,0.0631,0.0521
1964,2,-0.1156,-0.0707,-0.0650,-0.0234
1964,3,-0.0519,-0.0536,-0.0574,-0.0251
1964,4,-0.2093,-0.1063,-0.0853,-0.0469
1964,5,-0.4279,-0.1895,-0.1300,-0.0786
1964,6,-0.0640,-0.0900,-0.0823,-0.0550
1964,7,0.0565,-0.0471,-0.0604,-0.0422
1964,8,0.2248,0.0192,-0.0261,-0.0250
1964,9,0.2439,0.0452,-0.0097,-0.0117
1964,10,-0.3686,-0.1415,-0.1030,-0.0653
1964,11,-0.1951,-0.1049,-0.0864,-0.0584
1964,12,0.4303,0.0965,0.0167,0.0024
1965,1,0.7787,0.2453,0.0972,0.0501
1965,2,0.5592,0.2223,0.0926,0.0483
1965,3,-0.6229,-0.1425,-0.0900,-0.0626
1965,4,-0.4030,-0.1144,-0.0768,-0.0494
1965,5,-0.4136,-0.1454,-0.0947,-0.0609
1965,6,-0.5895,-0.2300,-0.1399,-0.0839
1965,7,-0.4674,-0.2232,-0.1410,-0.0874
1965,8,-0.0798,-0.1163,-0.0905,-0.0618
1965,9,-0.3711,-0.2106,-0.1403,-0.0914
1965,10,-0.6931,-0.3340,-0.2075,-0.1334
1965,11,-0.7168,-0.3761,-0.2355,-0.1524
1965,12,-0.7599,-0.4230,-0.2667,-0.1736
1966,1,-0.3972,-0.3333,-0.2282,-0.1536
1966,2,-0.7851,-0.4696,-0.3034,-0.1992
1966,3,-0.3588,-0.3565,-0.2533,-0.1729
1966,4,-0.7183,-0.4774,-0.3199,-0.2102
1966,5,-0.7983,-0.5272,-0.3537,-0.2351
1966,6,-0.5732,-0.4774,-0.3369,-0.2304
1966,7,-0.2006,-0.3615,-0.2846,-0.2052
1966,8,-0.3081,-0.3823,-0.2986,-0.2135
1966,9,-0.3080,-0.3752,-0.2997,-0.2195
1966,10,-0.2850,-0.3610,-0.2958,-0.2179
1966,11,-0.2203,-0.3321,-0.2842,-0.2138
1966,12,0.3896,-0.1167,-0.1754,-0.1509
1967,1,1.1153,0.1751,-0.0219,-0.0596
1967,2,0.5481,0.0742,-0.0643,-0.0838
1967,3,0.4860,0.0984,-0.0450,-0.0717
1967,4,0.3320,0.0836,-0.0465,-0.0764
1967,5,-0.0570,-0.0234,-0.0953,-0.1048
1967,6,-0.1328,-0.0520,-0.1073,-0.1156
1967,7,-0.3017,-0.1164,-0.1376,-0.1320
1967,8,-0.5167,-0.2062,-0.1829,-0.1597
1967,9,-0.5509,-0.2473,-0.2054,-0.1745
1967,10,0.7627,0.1648,0.0050,-0.0507
1967,11,-0.2973,-0.1341,-0.1414,-0.1362
1967,12,-0.2524,-0.1346,-0.1412,-0.1357
1968,1,0.0543,-0.0428,-0.0935,-0.1076
1968,2,0.4256,0.0911,-0.0230,-0.0704
1968,3,0.2934,0.0785,-0.0240,-0.0703
1968,4,-0.0186,-0.0058,-0.0625,-0.0921
1968,5,-0.1325,-0.0452,-0.0795,-0.0990
1968,6,0.0683,0.0139,-0.0468,-0.0761
1968,7,-0.0244,-0.0121,-0.0574,-0.0824
1968,8,0.5778,0.1889,0.0484,-0.0196
1968,9,0.5819,0.2273,0.0748,-0.0034
1968,10,0.7410,0.3145,0.1267,0.0269
1968,11,0.5376,0.2868,0.1220,0.0285
1968,12,0.8220,0.4061,0.1920,0.0742
1969,1,0.9631,0.4931,0.2471,0.1092
1969,2,0.3710,0.3390,0.1800,0.0745
1969,3,-0.3127,0.1125,0.0710,0.0129
1969,4,-0.0249,0.1687,0.1014,0.0295
1969,5,-0.0859,0.1298,0.0856,0.0270
1969,6,-0.1506,0.0875,0.0659,0.0162
1969,7,-0.2323,0.0374,0.0394,-0.0066
1969,8,-0.3762,-0.0366,0.0007,-0.0305
1969,9,0.3066,0.1603,0.1004,0.0294
1969,10,-0.2273,-0.0050,0.0179,-0.0185
1969,11,-1.1739,-0.3439,-0.1578,-0.1207
1969,12,-0.8664,-0.3197,-0.1544,-0.1196
1970,1,0.2125,-0.0095,-0.0025,-0.0305
1970,2,-0.2434,-0.1414,-0.0708,-0.0694
1970,3,-0.6367,-0.2832,-0.1474,-0.1152
1970,4,-0.1748,-0.1618,-0.0910,-0.0803
1970,5,-0.4655,-0.2606,-0.1456,-0.1139
1970,6,-0.5984,-0.3247,-0.1834,-0.1329
1970,7,-0.4936,-0.3156,-0.1851,-0.1324
1970,8,-0.6003,-0.3683,-0.2187,-0.1536
1970,9,-0.2594,-0.2759,-0.1786,-0.1327
1970,10,-0.3238,-0.2960,-0.1940,-0.1442
1970,11,-0.3728,-0.3151,-0.2087,-0.1536
1970,12,0.1952,-0.1299,-0.1183,-0.1010
1971,1,0.9476,0.1536,0.0271,-0.0168
1971,2,0.5498,0.0957,0.0032,-0.0303
1971,3,1.1392,0.3367,0.1321,0.0468
1971,4,0.6130,0.2364,0.0897,0.0206
1971,5,0.3428,0.1816,0.0691,0.0130
1971,6,0.4372,0.2286,0.1003,0.0399
1971,7,0.2767,0.1946,0.0889,0.0342
1971,8,0.0877,0.1390,0.0656,0.0230
1971,9,0.3811,0.2326,0.1173,0.0535
1971,10,0.1237,0.1603,0.0859,0.0377
1971,11,-0.0692,0.0921,0.0545,0.0210
1971,12,0.3447,0.2157,0.1199,0.0600
1972,1,0.6636,0.3350,0.1862,0.1012
1972,2,1.2307,0.5567,0.3080,0.1768
1972,3,1.4797,0.7044,0.3964,0.2327
1972,4,1.3559,0.7366,0.4278,0.2545
1972,5,0.8722,0.6332,0.3902,0.2398
1972,6,0.7117,0.6020,0.3851,0.2363
1972,7,0.6832,0.6029,0.3972,0.2521
1972,8,0.5207,0.5560,0.3832,0.2482
1972,9,0.8103,0.6499,0.4404,0.2875
1972,10,-0.2462,0.3105,0.2760,0.1963
1972,11,-0.7963,0.0728,0.1550,0.1256
1972,12,0.0619,0.2782,0.2568,0.1866
1973,1,-0.3441,0.1213,0.1768,0.1404
1973,2,-1.0277,-0.1525,0.0328,0.0557
1973,3,-1.2384,-0.3065,-0.0551,0.0059
1973,4,-1.3656,-0.4379,-0.1353,-0.0439
1973,5,-1.0636,-0.4248,-0.1441,-0.0550
1973,6,-0.7803,-0.3905,-0.1407,-0.0583
1973,7,-0.7742,-0.4256,-0.1711,-0.0788
1973,8,-0.7702,-0.4574,-0.1989,-0.0925
1973,9,-0.3811,-0.3565,-0.1597,-0.0726
1973,10,-0.2070,-0.3004,-0.1403,-0.0631
1973,11,0.8731,0.0711,0.0437,0.0456
1973,12,1.5132,0.3623,0.1953,0.1359
1974,1,2.1244,0.6770,0.3656,0.2376
1974,2,1.7928,0.7034,0.3950,0.2609
1974,3,1.7548,0.7944,0.4576,0.3047
1974,4,1.4396,0.7800,0.4671,0.3165
1974,5,1.1221,0.7362,0.4603,0.3187
1974,6,0.6640,0.6191,0.4134,0.2946
1974,7,0.7737,0.6602,0.4454,0.3203
1974,8,0.3021,0.5127,0.3798,0.2843
1974,9,-0.1627,0.3366,0.2961,0.2404
1974,10,-0.9264,0.0327,0.1418,0.1523
1974,11,-0.6912,0.0204,0.1301,0.1453
1974,12,-0.1094,0.1480,0.1903,0.1797
1975,1,0.4119,0.2985,0.2661,0.2262
1975,2,0.5373,0.3514,0.2952,0.2455
1975,3,0.2713,0.2798,0.2612,0.2275
1975,4,-0.0231,0.1802,0.2108,0.1990
1975,5,-0.0932,0.1373,0.1866,0.1822
1975,6,-0.1898,0.0829,0.1553,0.1594
1975,7,-0.1612,0.0665,0.1436,0.1540
1975,8,0.4628,0.2544,0.2367,0.2087
1975,9,-0.1638,0.0638,0.1394,0.1521
1975,10,0.8672,0.3883,0.3034,0.2510
1975,11,0.8207,0.4183,0.3232,0.2652
1975,12,1.3027,0.6184,0.4314,0.3328
1976,1,1.0637,0.6033,0.4333,0.3389
1976,2,1.0185,0.6319,0.4567,0.3571
1976,3,0.6275,0.5374,0.4154,0.3296
1976,4,0.2973,0.4352,0.3698,0.3102
1976,5,0.1081,0.3585,0.3336,0.2911
1976,6,-0.0655,0.2764,0.2923,0.2670
1976,7,-0.0183,0.2597,0.2826,0.2602
1976,8,0.5000,0.4073,0.3577,0.3059
1976,9,0.0642,0.2698,0.2895,0.2687
1976,10,-0.5427,0.0465,0.1736,0.2015
1976,11,-1.7202,-0.4049,-0.0656,0.0581
1976,12,-2.3180,-0.7308,-0.2502,-0.0547
1977,1,-2.8771,-1.0695,-0.4493,-0.1820
1977,2,-2.5451,-1.1301,-0.5113,-0.2278
1977,3,-1.6793,-0.9741,-0.4617,-0.2088
1977,4,-1.7269,-1.0572,-0.5299,-0.2569
1977,5,-0.9738,-0.8681,-0.4589,-0.2255
1977,6,-0.9173,-0.8592,-0.4749,-0.2442
1977,7,-0.7306,-0.8021,-0.4641,-0.2431
1977,8,-0.0785,-0.5763,-0.3638,-0.1871
1977,9,0.3158,-0.3966,-0.2818,-0.1449
1977,10,-0.1300,-0.4784,-0.3297,-0.1772
1977,11,0.1970,-0.3355,-0.2633,-0.1419
1977,12,1.0003,-0.0151,-0.1015,-0.0489
1978,1,0.3311,-0.1432,-0.1631,-0.0859
1978,2,-0.0393,-0.2224,-0.2037,-0.1156
1978,3,-0.4508,-0.3431,-0.2665,-0.1531
1978,4,-0.1181,-0.2417,-0.2169,-0.1216
1978,5,0.0287,-0.1806,-0.1866,-0.1064
1978,6,-0.1536,-0.2219,-0.2086,-0.1266
1978,7,0.0490,-0.1474,-0.1705,-0.1043
1978,8,0.4008,-0.0106,-0.0983,-0.0609
1978,9,0.8633,0.1838,0.0059,-0.0018
1978,10,-0.2337,-0.1198,-0.1416,-0.0873
1978,11,-0.7080,-0.2898,-0.2280,-0.1388
1978,12,-1.3517,-0.5458,-0.3630,-0.2215
1979,1,-2.1082,-0.8764,-0.5424,-0.3311
1979,2,-0.7780,-0.5471,-0.3892,-0.2478
1979,3,-1.0992,-0.6769,-0.4639,-0.2958
1979,4,-0.9002,-0.6503,-0.4606,-0.2984
1979,5,-0.8435,-0.6550,-0.4730,-0.3136
1979,6,-0.8749,-0.6835,-0.4977,-0.3378
1979,7,-0.5755,-0.6012,-0.4644,-0.3225
1979,8,-0.3529,-0.5240,-0.4323,-0.3121
1979,9,-0.2011,-0.4568,-0.4020,-0.2970
1979,10,0.0070,-0.3626,-0.3561,-0.2727
1979,11,-1.0202,-0.6723,-0.5165,-0.3719
1979,12,0.0630,-0.3417,-0.3538,-0.2798
1980,1,-0.2129,-0.3959,-0.3811,-0.2980
1980,2,0.1860,-0.2445,-0.3042,-0.2570
1980,3,-0.0655,-0.2880,-0.3236,-0.2695
1980,4,-0.0178,-0.2508,-0.3026,-0.2581
1980,5,0.0524,-0.2051,-0.2770,-0.2468
1980,6,0.1667,-0.1422,-0.2416,-0.2293
1980,7,0.0659,-0.1466,-0.2399,-0.2333
1980,8,0.0416,-0.1346,-0.2299,-0.2312
1980,9,0.2176,-0.0587,-0.1865,-0.2074
1980,10,-0.5660,-0.2955,-0.3023,-0.2753
1980,11,-0.0560,-0.1500,-0.2271,-0.2324
1980,12,0.5016,0.0461,-0.1224,-0.1713
1981,1,-0.7973,-0.3466,-0.3168,-0.2858
1981,2,-0.1703,-0.1790,-0.2324,-0.2395
1981,3,-0.5816,-0.3162,-0.2997,-0.2750
1981,4,-0.1183,-0.1860,-0.2327,-0.2329
1981,5,0.0597,-0.1198,-0.1971,-0.2156
1981,6,0.5235,0.0530,-0.1038,-0.1579
1981,7,0.4265,0.0652,-0.0890,-0.1434
1981,8,0.0986,-0.0104,-0.1199,-0.1576
1981,9,0.3095,0.0707,-0.0722,-0.1258
1981,10,0.5402,0.1709,-0.0134,-0.0891
1981,11,0.0110,0.0284,-0.0779,-0.1252
1981,12,0.4107,0.1609,-0.0041,-0.0790
1982,1,0.6683,0.2712,0.0611,-0.0370
1982,2,1.2029,0.4885,0.1833,0.0374
1982,3,0.7313,0.3981,0.1517,0.0226
1982,4,0.7090,0.4223,0.1752,0.0346
1982,5,0.1309,0.2555,0.1004,-0.0106
1982,6,0.0019,0.2003,0.0784,-0.0263
1982,7,0.1860,0.2432,0.1063,-0.0083
1982,8,0.1134,0.2134,0.0971,-0.0130
1982,9,0.2634,0.2543,0.1237,0.0050
1982,10,0.4022,0.3017,0.1545,0.0262
1982,11,-0.0879,0.1468,0.0820,-0.0123
1982,12,0.2236,0.2290,0.1273,0.0157
1983,1,0.5740,0.3461,0.1931,0.0594
1983,2,0.9086,0.4801,0.2702,0.1112
1983,3,1.1922,0.6161,0.3516,0.1689
1983,4,0.6254,0.4807,0.2949,0.1409
1983,5,0.2723,0.3759,0.2496,0.1166
1983,6,0.3895,0.4054,0.2705,0.1303
1983,7,0.8917,0.5725,0.3632,0.1883
1983,8,0.7467,0.5542,0.3642,0.1949
1983,9,0.6207,0.5302,0.3616,0.1997
1983,10,-0.1269,0.2878,0.2450,0.1359
1983,11,1.2990,0.7271,0.4739,0.2759
1983,12,0.4803,0.5067,0.3728,0.2222
1984,1,0.1881,0.4061,0.3270,0.1965
1984,2,0.0595,0.3421,0.2985,0.1864
1984,3,0.1387,0.3418,0.2995,0.1851
1984,4,0.2363,0.3552,0.3084,0.1928
1984,5,0.7163,0.5051,0.3873,0.2394
1984,6,0.8834,0.5813,0.4323,0.2701
1984,7,0.4264,0.4566,0.3752,0.2398
1984,8,0.1694,0.3675,0.3334,0.2199
1984,9,0.1901,0.3556,0.3292,0.2219
1984,10,0.1995,0.3430,0.3243,0.2230
1984,11,0.9093,0.5676,0.4413,0.2966
1984,12,0.2124,0.3662,0.3437,0.2431
1985,1,-1.4127,-0.1940,0.0554,0.0723
1985,2,-1.3512,-0.2894,-0.0057,0.0373
1985,3,-1.2859,-0.3685,-0.0598,0.0072
1985,4,-1.0709,-0.3836,-0.0812,-0.0001
1985,5,-0.9942,-0.4232,-0.1154,-0.0166
1985,6,-0.6710,-0.3691,-0.1012,-0.0044
1985,7,-0.6874,-0.4033,-0.1315,-0.0225
1985,8,-0.5748,-0.3925,-0.1395,-0.0312
1985,9,-0.1532,-0.2683,-0.0873,-0.0005
1985,10,0.5460,-0.0227,0.0302,0.0653
1985,11,-0.0954,-0.1839,-0.0553,0.0148
1985,12,-1.4287,-0.6231,-0.2881,-0.1251
1986,1,-0.7035,-0.4563,-0.2191,-0.0915
1986,2,-0.1259,-0.2859,-0.1433,-0.0524
1986,3,-0.3541,-0.3473,-0.1816,-0.0759
1986,4,-0.3607,-0.3501,-0.1916,-0.0866
1986,5,-0.1735,-0.2883,-0.1685,-0.0808
1986,6,-0.4033,-0.3545,-0.2082,-0.1049
1986,7,-0.1951,-0.2893,-0.1815,-0.0907
1986,8,-0.4006,-0.3493,-0.2173,-0.1124
1986,9,0.0652,-0.1978,-0.1459,-0.0743
1986,10,-0.3521,-0.3129,-0.2080,-0.1140
1986,11,0.1313,-0.1543,-0.1312,-0.0704
1986,12,-0.6880,-0.4022,-0.2604,-0.1499
1987,1,-0.6858,-0.4287,-0.2815,-0.1679
1987,2,-0.9126,-0.5293,-0.3414,-0.2102
1987,3,-0.3934,-0.3914,-0.2787,-0.1723
1987,4,-0.4455,-0.4091,-0.2928,-0.1811
1987,5,-0.2201,-0.3369,-0.2604,-0.1607
1987,6,-0.4424,-0.4004,-0.2958,-0.1785
1987,7,-0.1636,-0.3108,-0.2556,-0.1623
1987,8,-0.2844,-0.3374,-0.2715,-0.1717
1987,9,-0.5830,-0.4325,-0.3238,-0.2053
1987,10,-1.4401,-0.7346,-0.4848,-0.3036
1987,11,-1.8644,-0.9442,-0.6050,-0.3793
1987,12,-0.9160,-0.7134,-0.5029,-0.3260
1988,1,-1.2036,-0.8292,-0.5732,-0.3737
1988,2,-1.4877,-0.9602,-0.6535,-0.4281
1988,3,-0.7686,-0.7690,-0.5703,-0.3868
1988,4,-0.2466,-0.5937,-0.4887,-0.3385
1988,5,0.0216,-0.4706,-0.4314,-0.3138
1988,6,0.0058,-0.4291,-0.4118,-0.3046
1988,7,-0.0380,-0.4024,-0.3994,-0.3027
1988,8,-0.2455,-0.4374,-0.4175,-0.3156
1988,9,-0.0845,-0.3651,-0.3813,-0.2977
1988,10,-0.4792,-0.4709,-0.4353,-0.3330
1988,11,0.3492,-0.1936,-0.2943,-0.2535
1988,12,-0.4270,-0.4025,-0.3971,-0.3159
1989,1,-0.5697,-0.4527,-0.4234,-0.3343
1989,2,-0.8747,-0.5663,-0.4837,-0.3743
1989,3,-0.2330,-0.3802,-0.3912,-0.3190
1989,4,-0.2087,-0.3580,-0.3797,-0.3168
1989,5,-0.0476,-0.2897,-0.3441,-0.3010
1989,6,-0.2819,-0.3453,-0.3690,-0.3110
1989,7,-0.2328,-0.3228,-0.3568,-0.3082
1989,8,-0.0336,-0.2474,-0.3158,-0.2832
1989,9,-0.4486,-0.3664,-0.3742,-0.3209
1989,10,-0.5274,-0.4007,-0.3918,-0.3342
1989,11,-0.4053,-0.3717,-0.3780,-0.3309
1989,12,-1.1264,-0.6170,-0.5044,-0.4081
1990,1,0.0234,-0.2795,-0.3357,-0.3102
1990,2,0.3808,-0.1307,-0.2566,-0.2658
1990,3,-0.1980,-0.2763,-0.3260,-0.3089
1990,4,-0.1836,-0.2640,-0.3169,-0.3024
1990,5,0.1291,-0.1514,-0.2567,-0.2698
1990,6,0.3550,-0.0489,-0.1992,-0.2377
1990,7,0.2433,-0.0479,-0.1922,-0.2369
1990,8,0.3870,0.0280,-0.1458,-0.2077
1990,9,-0.1869,-0.1305,-0.2193,-0.2509
1990,10,0.5161,0.1002,-0.0956,-0.1748
1990,11,1.2637,0.3907,0.0639,-0.0775
1990,12,0.5769,0.2432,0.0037,-0.1103
1991,1,-0.0346,0.0697,-0.0740,-0.1533
1991,2,0.1210,0.1120,-0.0454,-0.1352
1991,3,0.0212,0.0794,-0.0547,-0.1396
1991,4,0.4582,0.2205,0.0251,-0.0878
1991,5,0.4615,0.2442,0.0466,-0.0735
1991,6,0.4967,0.2767,0.0726,-0.0570
1991,7,0.2854,0.2267,0.0563,-0.0658
1991,8,0.4114,0.2746,0.0888,-0.0461
1991,9,-0.1637,0.0945,0.0053,-0.0905
1991,10,-0.7429,-0.1245,-0.1031,-0.1513
1991,11,-0.1657,0.0105,-0.0348,-0.1107
1991,12,-0.7166,-0.1912,-0.1373,-0.1729
1992,1,-0.3038,-0.1027,-0.0944,-0.1473
1992,2,-0.4659,-0.1762,-0.1329,-0.1693
1992,3,-1.2922,-0.4812,-0.2917,-0.2597
1992,4,-0.5850,-0.3210,-0.2200,-0.2262
1992,5,-0.9210,-0.4589,-0.2957,-0.2688
1992,6,-0.6044,-0.3966,-0.2715,-0.2548
1992,7,-0.1975,-0.2797,-0.2173,-0.2231
1992,8,-0.2350,-0.2845,-0.2230,-0.2272
1992,9,-0.0827,-0.2287,-0.1975,-0.2130
1992,10,-0.4580,-0.3408,-0.2575,-0.2516
1992,11,-0.3953,-0.3309,-0.2570,-0.2539
1992,12,-0.6968,-0.4383,-0.3158,-0.2882
1993,1,-1.1117,-0.6021,-0.4063,-0.3424
1993,2,-1.8725,-0.9061,-0.5729,-0.4442
1993,3,-1.4611,-0.8599,-0.5657,-0.4447
1993,4,-0.4480,-0.5770,-0.4352,-0.3757
1993,5,-0.1340,-0.4593,-0.3811,-0.3434
1993,6,0.1608,-0.3294,-0.3164,-0.2978
1993,7,0.5861,-0.1399,-0.2190,-0.2391
1993,8,0.3434,-0.1523,-0.2212,-0.2385
1993,9,-0.1813,-0.2813,-0.2843,-0.2750
1993,10,-0.7384,-0.4588,-0.3755,-0.3286
1993,11,-1.6507,-0.7917,-0.5515,-0.4353
1993,12,-1.3866,-0.7848,-0.5596,-0.4430
1994,1,-1.5889,-0.9100,-0.6354,-0.4916
1994,2,-0.9559,-0.7621,-0.5730,-0.4610
1994,3,-1.0225,-0.8029,-0.6043,-0.4871
1994,4,-0.7772,-0.7415,-0.5820,-0.4754
1994,5,-0.6477,-0.7014,-0.5678,-0.4632
1994,6,-0.4001,-0.6131,-0.5294,-0.4459
1994,7,-0.3997,-0.5927,-0.5236,-0.4477
1994,8,-0.4877,-0.6039,-0.5326,-0.4545
1994,9,-0.4848,-0.5919,-0.5299,-0.4553
1994,10,0.1156,-0.3801,-0.4240,-0.3957
1994,11,0.3332,-0.2599,-0.3597,-0.3574
1994,12,0.5679,-0.1247,-0.2852,-0.3143
1995,1,0.4493,-0.0986,-0.2637,-0.2997
1995,2,0.3600,-0.0764,-0.2446,-0.2898
1995,3,0.4533,-0.0036,-0.1984,-0.2593
1995,4,0.3284,-0.0020,-0.1886,-0.2542
1995,5,-0.0057,-0.0827,-0.2202,-0.2672
1995,6,0.0684,-0.0505,-0.1967,-0.2512
1995,7,0.1542,-0.0104,-0.1684,-0.2309
1995,8,0.2522,0.0382,-0.1360,-0.2116
1995,9,0.2041,0.0424,-0.1251,-0.2024
1995,10,0.4675,0.1462,-0.0635,-0.1644
1995,11,1.7022,0.5913,0.1767,-0.0175
1995,12,1.3532,0.5799,0.1910,-0.0042
1996,1,1.1538,0.5865,0.2138,0.0159
1996,2,1.6982,0.8233,0.3547,0.1074
1996,3,0.5787,0.5307,0.2280,0.0452
1996,4,1.1355,0.7222,0.3426,0.1233
1996,5,1.1310,0.7600,0.3804,0.1500
1996,6,0.5994,0.6169,0.3259,0.1276
1996,7,0.3703,0.5383,0.3005,0.1219
1996,8,0.1236,0.4395,0.2609,0.1021
1996,9,0.1658,0.4236,0.2613,0.1054
1996,10,0.6810,0.5720,0.3456,0.1591
1996,11,0.6703,0.5788,0.3604,0.1735
1996,12,1.9121,1.0044,0.5908,0.3163
1997,1,1.7158,1.0249,0.6221,0.3446
1997,2,0.9670,0.8393,0.5462,0.3076
1997,3,1.7613,1.1181,0.7050,0.4116
1997,4,1.5293,1.1014,0.7161,0.4236
1997,5,1.2006,1.0318,0.7001,0.4269
1997,6,1.1454,1.0293,0.7156,0.4462
1997,7,1.0336,1.0029,0.7181,0.4588
1997,8,0.7293,0.9036,0.6807,0.4426
1997,9,1.0987,1.0111,0.7473,0.4900
1997,10,1.6131,1.1921,0.8537,0.5609
1997,11,0.5983,0.8915,0.7158,0.4897
1997,12,-0.2287,0.5859,0.5671,0.4089
1998,1,0.3916,0.7167,0.6355,0.4540
1998,2,0.2819,0.6489,0.6052,0.4443
1998,3,0.0826,0.5471,0.5553,0.4212
1998,4,-0.3369,0.3621,0.4596,0.3690
1998,5,0.1214,0.4494,0.5010,0.4015
1998,6,0.0064,0.3796,0.4616,0.3770
1998,7,0.0446,0.3569,0.4457,0.3685
1998,8,-0.2288,0.2354,0.3793,0.3345
1998,9,-0.5006,0.1000,0.3025,0.2910
1998,10,-0.6696,-0.0139,0.2337,0.2494
1998,11,0.5785,0.3427,0.4052,0.3498
1998,12,1.4013,0.6413,0.5563,0.4418
1999,1,1.3668,0.7021,0.5918,0.4657
1999,2,2.4801,1.1391,0.8233,0.6102
1999,3,1.7881,1.0344,0.7843,0.5906
1999,4,0.8342,0.7859,0.6677,0.5228
1999,5,0.6316,0.7225,0.6414,0.5141
1999,6,0.4429,0.6505,0.6089,0.5018
1999,7,0.3318,0.5934,0.5816,0.4886
1999,8,0.2888,0.5541,0.5621,0.4809
1999,9,-0.2147,0.3598,0.4612,0.4216
1999,10,-0.2578,0.2907,0.4205,0.3985
1999,11,0.3633,0.4470,0.4947,0.4429
1999,12,0.4165,0.4569,0.4977,0.4473
2000,1,0.2530,0.3981,0.4654,0.4291
2000,2,0.0804,0.3264,0.4257,0.4098
2000,3,-0.0929,0.2448,0.3796,0.3870
2000,4,-0.2784,0.1504,0.3240,0.3523
2000,5,-0.0068,0.2008,0.3422,0.3662
2000,6,0.0648,0.2051,0.3373,0.3620
2000,7,-0.0241,0.1619,0.3090,0.3464
2000,8,-0.2242,0.0770,0.2591,0.3216
2000,9,-0.1259,0.0813,0.2521,0.3142
2000,10,-0.3530,-0.0146,0.1949,0.2817
2000,11,-1.1846,-0.3260,0.0240,0.1778
2000,12,-1.7471,-0.5966,-0.1330,0.0791
2001,1,-2.1789,-0.8510,-0.2869,-0.0179
2001,2,-2.2857,-1.0133,-0.3985,-0.0924
2001,3,-1.8960,-1.0035,-0.4233,-0.1140
2001,4,-1.2954,-0.8868,-0.3917,-0.1040
2001,5,-1.0587,-0.8462,-0.3947,-0.1120
2001,6,-0.5925,-0.7099,-0.3460,-0.0880
2001,7,-0.4809,-0.6613,-0.3377,-0.0847
2001,8,-0.2596,-0.5698,-0.3064,-0.0729
2001,9,-0.4858,-0.6162,-0.3440,-0.1054
2001,10,-0.1374,-0.4869,-0.2910,-0.0821
2001,11,0.2880,-0.3108,-0.2101,-0.0416
2001,12,0.5128,-0.1784,-0.1473,-0.0119
2002,1,0.6735,-0.0586,-0.0871,0.0204
2002,2,0.3676,-0.0917,-0.1023,0.0106
2002,3,0.2603,-0.0840,-0.0972,0.0138
2002,4,0.2411,-0.0576,-0.0817,0.0260
2002,5,0.0650,-0.0883,-0.0962,0.0155
2002,6,0.0227,-0.0879,-0.0949,0.0163
2002,7,-0.0911,-0.1156,-0.1091,0.0037
2002,8,-0.2977,-0.1826,-0.1437,-0.0182
2002,9,-0.5131,-0.2659,-0.1885,-0.0483
2002,10,-1.2795,-0.5467,-0.3371,-0.1402
2002,11,-1.6274,-0.7333,-0.4438,-0.2098
2002,12,-0.9447,-0.5891,-0.3837,-0.1806
2003,1,-0.1072,-0.3418,-0.2661,-0.1158
2003,2,-0.6851,-0.5135,-0.3583,-0.1744
2003,3,0.2515,-0.2154,-0.2128,-0.0961
2003,4,0.4078,-0.1185,-0.1633,-0.0716
2003,5,0.0370,-0.1929,-0.1999,-0.0980
2003,6,-0.3630,-0.3053,-0.2576,-0.1356
2003,7,-0.4837,-0.3514,-0.2838,-0.1551
2003,8,-0.5847,-0.3979,-0.3114,-0.1766
2003,9,-0.5940,-0.4188,-0.3266,-0.1898
2003,10,0.2726,-0.1445,-0.1895,-0.1113
2003,11,0.1963,-0.1304,-0.1801,-0.1086
2003,12,-0.1624,-0.2198,-0.2239,-0.1374
2004,1,-0.1307,-0.2036,-0.2157,-0.1360
2004,2,-0.5006,-0.3209,-0.2756,-0.1743
2004,3,-0.7105,-0.4085,-0.3235,-0.2077
2004,4,-0.9873,-0.5302,-0.3920,-0.2597
2004,5,-0.5148,-0.4150,-0.3397,-0.2336
2004,6,-0.4438,-0.4007,-0.3363,-0.2361
2004,7,-0.4679,-0.4129,-0.3468,-0.2504
2004,8,0.2544,-0.1757,-0.2271,-0.1789
2004,9,0.4551,-0.0674,-0.1696,-0.1505
2004,10,0.3128,-0.0654,-0.1640,-0.1497
2004,11,-0.4893,-0.2987,-0.2793,-0.2177
2004,12,-0.8095,-0.4243,-0.3450,-0.2585
2005,1,-1.0535,-0.5429,-0.4100,-0.2993
2005,2,-1.7543,-0.8268,-0.5632,-0.3944
2005,3,-1.2800,-0.7558,-0.5403,-0.3894
2005,4,-0.8228,-0.6522,-0.4978,-0.3702
2005,5,-0.2325,-0.4703,-0.4133,-0.3322
2005,6,-0.1281,-0.4126,-0.3869,-0.3213
2005,7,-0.0461,-0.3580,-0.3598,-0.3062
2005,8,-0.2145,-0.3849,-0.3749,-0.3231
2005,9,-0.2267,-0.3728,-0.3695,-0.3234
2005,10,-0.0793,-0.3094,-0.3372,-0.3067
2005,11,-0.2912,-0.3586,-0.3617,-0.3241
2005,12,-0.1687,-0.3111,-0.3373,-0.3125
2006,1,1.4466,0.2448,-0.0495,-0.1426
2006,2,0.7345,0.1200,-0.1000,-0.1733
2006,3,0.2453,0.0143,-0.1447,-0.2026
2006,4,0.1454,0.0027,-0.1423,-0.1967
2006,5,0.1013,0.0015,-0.1351,-0.1876
2006,6,0.1677,0.0333,-0.1127,-0.1761
2006,7,-0.0354,-0.0221,-0.1341,-0.1873
2006,8,-0.2946,-0.1104,-0.1741,-0.2091
2006,9,-0.4032,-0.1644,-0.1984,-0.2207
2006,10,-0.8691,-0.3435,-0.2896,-0.2766
2006,11,1.4192,0.3747,0.0782,-0.0584
2006,12,1.0937,0.3648,0.0877,-0.0492
2007,1,0.4604,0.2216,0.0277,-0.0795
2007,2,0.3226,0.1981,0.0255,-0.0759
2007,3,0.4548,0.2543,0.0633,-0.0489
2007,4,0.0687,0.1437,0.0145,-0.0806
2007,5,-0.2230,0.0387,-0.0344,-0.1126
2007,6,-0.2205,0.0146,-0.0437,-0.1180
2007,7,-0.1208,0.0257,-0.0368,-0.1203
2007,8,-0.2085,-0.0177,-0.0561,-0.1296
2007,9,-0.2677,-0.0557,-0.0734,-0.1354
2007,10,-0.1342,-0.0311,-0.0599,-0.1260
2007,11,-0.7586,-0.2505,-0.1716,-0.1906
2007,12,0.0889,-0.0144,-0.0538,-0.1204
2008,1,-0.0668,-0.0568,-0.0738,-0.1309
2008,2,-0.3273,-0.1452,-0.1181,-0.1534
2008,3,-0.3595,-0.1734,-0.1339,-0.1614
2008,4,-0.4694,-0.2280,-0.1646,-0.1822
2008,5,-0.5632,-0.2824,-0.1961,-0.2015
2008,6,-0.4076,-0.2569,-0.1871,-0.1961
2008,7,-0.4193,-0.2752,-0.1999,-0.2032
2008,8,-0.0170,-0.1538,-0.1409,-0.1675
2008,9,-0.3516,-0.2531,-0.1926,-0.1966
2008,10,-0.6762,-0.3715,-0.2569,-0.2360
2008,11,-0.3334,-0.2854,-0.2183,-0.2144
2008,12,-0.4852,-0.3409,-0.2502,-0.2335
2009,1,-0.3534,-0.3104,-0.2388,-0.2264
2009,2,-1.0061,-0.5336,-0.3575,-0.2978
2009,3,-0.6021,-0.4430,-0.3192,-0.2758
2009,4,-0.5384,-0.4367,-0.3211,-0.2735
2009,5,-0.1761,-0.3247,-0.2682,-0.2388
2009,6,-0.3910,-0.3827,-0.2999,-0.2537
2009,7,-0.3564,-0.3719,-0.2977,-0.2501
2009,8,-0.3319,-0.3622,-0.2961,-0.2495
2009,9,-0.2938,-0.3465,-0.2915,-0.2488
2009,10,0.2751,-0.1505,-0.1930,-0.1913
2009,11,0.6573,0.0183,-0.1041,-0.1397
2009,12,-0.4330,-0.2869,-0.2555,-0.2285
2010,1,-0.3132,-0.2606,-0.2436,-0.2231
2010,2,-0.5804,-0.3553,-0.2931,-0.2517
2010,3,-0.6288,-0.3930,-0.3159,-0.2681
2010,4,-0.1663,-0.2601,-0.2517,-0.2339
2010,5,0.4194,-0.0546,-0.1465,-0.1740
2010,6,0.6933,0.0825,-0.0717,-0.1307
2010,7,0.3497,0.0252,-0.0935,-0.1415
2010,8,0.1400,-0.0143,-0.1081,-0.1490
2010,9,0.5574,0.1405,-0.0237,-0.0983
2010,10,0.5222,0.1684,-0.0012,-0.0823
2010,11,0.2249,0.1022,-0.0269,-0.0952
2010,12,0.4817,0.2002,0.0300,-0.0590
2011,1,0.4244,0.2077,0.0425,-0.0478
2011,2,0.1494,0.1360,0.0140,-0.0605
2011,3,1.0536,0.4409,0.1782,0.0442
2011,4,1.2178,0.5543,0.2505,0.0950
2011,5,1.3572,0.6643,0.3219,0.1409
2011,6,0.8437,0.5578,0.2833,0.1202
2011,7,0.6417,0.5172,0.2766,0.1246
2011,8,0.1962,0.3795,0.2166,0.0894
2011,9,-0.0175,0.2903,0.1784,0.0693
2011,10,-0.1590,0.2135,0.1447,0.0539
2011,11,-0.1725,0.1735,0.1279,0.0488
2011,12,-1.0815,-0.1646,-0.0440,-0.0496
2012,1,-0.7467,-0.1394,-0.0367,-0.0439
2012,2,-0.4998,-0.1143,-0.0286,-0.0380
2012,3,0.6054,0.2200,0.1389,0.0578
2012,4,0.6869,0.2840,0.1759,0.0823
2012,5,0.4722,0.2503,0.1642,0.0798
2012,6,0.9155,0.4202,0.2562,0.1371
2012,7,0.7980,0.4280,0.2687,0.1505
2012,8,0.2798,0.2892,0.2055,0.1185
2012,9,-0.2778,0.1011,0.1131,0.0691
2012,10,0.5417,0.3402,0.2357,0.1422
2012,11,0.6725,0.4033,0.2735,0.1680
2012,12,0.9556,0.5239,0.3424,0.2130
2013,1,0.0383,0.2570,0.2131,0.1370
2013,2,-0.5043,0.0541,0.1103,0.0769
2013,3,-0.5657,-0.0197,0.0696,0.0539
2013,4,-0.0672,0.0957,0.1255,0.0916
2013,5,0.1303,0.1465,0.1508,0.1103
2013,6,0.1971,0.1674,0.1619,0.1209
2013,7,-0.0767,0.0783,0.1174,0.1014
2013,8,0.0783,0.1156,0.1348,0.1124
2013,9,1.1198,0.4617,0.3123,0.2182
2013,10,0.0974,0.1811,0.1746,0.1375
2013,11,-0.5756,-0.0528,0.0543,0.0671
2013,12,-1.4439,-0.3941,-0.1270,-0.0411
2014,1,-1.5535,-0.5308,-0.2105,-0.0923
2014,2,-0.6470,-0.3238,-0.1194,-0.0413
2014,3,0.4744,0.0219,0.0487,0.0558
2014,4,0.5505,0.0905,0.0831,0.0774
2014,5,0.4113,0.0876,0.0819,0.0767
2014,6,0.2482,0.0636,0.0681,0.0601
2014,7,0.1328,0.0425,0.0573,0.0557
2014,8,0.1915,0.0708,0.0715,0.0658
2014,9,0.1238,0.0595,0.0657,0.0628
2014,10,0.6991,0.2588,0.1682,0.1239
2014,11,0.4423,0.2145,0.1498,0.1139
2014,12,0.2180,0.1609,0.1255,0.1016
2015,1,-0.2096,0.0227,0.0564,0.0628
2015,2,-0.2453,-0.0114,0.0373,0.0525
2015,3,-0.2186,-0.0246,0.0288,0.0503
2015,4,-0.5017,-0.1382,-0.0347,0.0007
2015,5,-0.6062,-0.2078,-0.0758,-0.0252
2015,6,-0.8380,-0.3236,-0.1416,-0.0640
2015,7,-0.7447,-0.3412,-0.1597,-0.0770
2015,8,-0.4769,-0.2897,-0.1423,-0.0705
2015,9,-0.4402,-0.2952,-0.1522,-0.0771
2015,10,-0.2238,-0.2364,-0.1286,-0.0638
2015,11,0.0418,-0.1460,-0.0872,-0.0409
2015,12,1.4022,0.3286,0.1546,0.1011
2016,1,1.1662,0.3515,0.1752,0.1157
2016,2,0.9616,0.3604,0.1886,0.1262
2016,3,1.4031,0.5658,0.3029,0.1959
2016,4,0.5979,0.3752,0.2184,0.1527
2016,5,0.1902,0.2595,0.1658,0.1201
2016,6,0.1181,0.2287,0.1547,0.1158
2016,7,0.1502,0.2290,0.1588,0.1211
2016,8,-0.1107,0.1339,0.1134,0.0961
2016,9,-0.1296,0.1043,0.0994,0.0896
2016,10,1.7307,0.7066,0.4106,0.2761
2016,11,1.3998,0.6929,0.4182,0.2850
2016,12,0.5356,0.4701,0.3170,0.2299
2017,1,-0.3562,0.1769,0.1731,0.1457
2017,2,0.4632,0.4013,0.2894,0.2177
2017,3,1.4881,0.7513,0.4760,0.3334
2017,4,1.5887,0.8551,0.5431,0.3770
2017,5,1.1496,0.7775,0.5188,0.3694
